[
    {
        "title": "All Day Event",
        "start": "2019-03-30"
    },
    {
        "title": "All Day Event",
        "start": "2019-03-31"
    },
    {
        "title": "All Day Event",
        "start": "2019-04-01"
    },
    {
        "title": "Long Event",
        "start": "2019-04-07",
        "end": "2019-04-10"
    },
    {
        "groupId": "999",
        "title": "Repeating Event",
        "start": "2019-04-09T16:00:00+00:00"
    },
    {
        "groupId": "999",
        "title": "Repeating Event",
        "start": "2019-04-16T16:00:00+00:00"
    },
    {
        "title": "Conference",
        "start": "2019-04-02",
        "end": "2019-04-04"
    },
    {
        "title": "Meetingggg",
        "start": "2019-04-03T10:30:00+00:00",
        "end": "2019-04-03T12:30:00+00:00"
    },
    {
        "title": "Lunch",
        "start": "2019-04-03T12:00:00+00:00"
    },
    {
        "title": "Birthday Party",
        "start": "2019-04-04T07:00:00+00:00"
    },
    {
        "url": "http:\/\/google.com\/",
        "title": "Click for Google",
        "start": "2019-04-28"
    },
    {
        "title": "Meeting",
        "start": "2019-04-03T14:30:00+00:00"
    },
    {
        "title": "Happy Hour",
        "start": "2019-04-03T17:30:00+00:00"
    },
    {
        "title": "Dinner",
        "start": "2019-04-03T20:00:00+00:00"
    },
    {
        "title": "All Day Event",
        "start": "2019-05-01"
    },
    {
        "title": "All Day Event",
        "start": "2019-05-15"
    }
]